CREATE TABLE scenario_categories (
    id BIGINT GENERATED BY DEFAULT AS IDENTITY PRIMARY KEY,
    category_key VARCHAR(50) NOT NULL,
    name VARCHAR(50) NOT NULL,
    description VARCHAR(255),
    created_at TIMESTAMP(6) NOT NULL,
    updated_at TIMESTAMP(6) NOT NULL,
    CONSTRAINT uk_scenario_categories_category_key UNIQUE (category_key)
);

CREATE TABLE scenarios (
    id BIGINT GENERATED BY DEFAULT AS IDENTITY PRIMARY KEY,
    category_id BIGINT NOT NULL,
    scenario_key VARCHAR(80) NOT NULL,
    title VARCHAR(100) NOT NULL,
    difficulty VARCHAR(20) NOT NULL,
    situation_description TEXT NOT NULL,
    success_goal VARCHAR(255) NOT NULL,
    opening_babsae_text VARCHAR(500) NOT NULL,
    opening_tts_url VARCHAR(500),
    max_follow_up_count INT NOT NULL,
    thumbnail_url VARCHAR(500),
    created_at TIMESTAMP(6) NOT NULL,
    updated_at TIMESTAMP(6) NOT NULL,
    CONSTRAINT fk_scenarios_category FOREIGN KEY (category_id) REFERENCES scenario_categories (id),
    CONSTRAINT uk_scenarios_scenario_key UNIQUE (scenario_key)
);

CREATE TABLE scenario_slots (
    id BIGINT GENERATED BY DEFAULT AS IDENTITY PRIMARY KEY,
    scenario_id BIGINT NOT NULL,
    slot_key VARCHAR(80) NOT NULL,
    description VARCHAR(255) NOT NULL,
    created_at TIMESTAMP(6) NOT NULL,
    updated_at TIMESTAMP(6) NOT NULL,
    CONSTRAINT fk_scenario_slots_scenario FOREIGN KEY (scenario_id) REFERENCES scenarios (id),
    CONSTRAINT uk_scenario_slots_scenario_slot UNIQUE (scenario_id, slot_key)
);

CREATE TABLE practice_sessions (
    id BIGINT GENERATED BY DEFAULT AS IDENTITY PRIMARY KEY,
    public_id CHAR(36) NOT NULL,
    scenario_id BIGINT NOT NULL,
    status VARCHAR(20) NOT NULL,
    current_babsae_text VARCHAR(500) NOT NULL,
    current_babsae_tts_url VARCHAR(500),
    follow_up_count INT NOT NULL,
    filled_slots JSONB NOT NULL DEFAULT '{}',
    mic_ready_latency_ms INT,
    started_at TIMESTAMP(6) NOT NULL,
    ended_at TIMESTAMP(6),
    created_at TIMESTAMP(6) NOT NULL,
    updated_at TIMESTAMP(6) NOT NULL,
    CONSTRAINT fk_practice_sessions_scenario FOREIGN KEY (scenario_id) REFERENCES scenarios (id),
    CONSTRAINT uk_practice_sessions_public_id UNIQUE (public_id)
);

CREATE TABLE practice_turns (
    id BIGINT GENERATED BY DEFAULT AS IDENTITY PRIMARY KEY,
    session_id BIGINT NOT NULL,
    turn_index INT NOT NULL,
    question_text VARCHAR(500) NOT NULL,
    question_tts_url VARCHAR(500),
    user_transcript TEXT NOT NULL,
    input_type VARCHAR(20) NOT NULL,
    speech_started_after_ms INT,
    recording_duration_ms INT,
    stt_confidence NUMERIC(5,4),
    audio_object_key VARCHAR(500),
    created_at TIMESTAMP(6) NOT NULL,
    updated_at TIMESTAMP(6) NOT NULL,
    CONSTRAINT fk_practice_turns_session FOREIGN KEY (session_id) REFERENCES practice_sessions (id),
    CONSTRAINT uk_practice_turns_session_turn UNIQUE (session_id, turn_index)
);

CREATE TABLE session_feedbacks (
    id BIGINT GENERATED BY DEFAULT AS IDENTITY PRIMARY KEY,
    session_id BIGINT NOT NULL,
    scenario_result VARCHAR(20) NOT NULL,
    total_understood_score INT NOT NULL,
    summary TEXT NOT NULL,
    created_at TIMESTAMP(6) NOT NULL,
    updated_at TIMESTAMP(6) NOT NULL,
    CONSTRAINT fk_session_feedbacks_session FOREIGN KEY (session_id) REFERENCES practice_sessions (id),
    CONSTRAINT uk_session_feedbacks_session_id UNIQUE (session_id)
);

CREATE TABLE turn_feedbacks (
    id BIGINT GENERATED BY DEFAULT AS IDENTITY PRIMARY KEY,
    session_feedback_id BIGINT NOT NULL,
    turn_id BIGINT NOT NULL,
    understood_score INT NOT NULL,
    heard_as TEXT NOT NULL,
    better_expression VARCHAR(500),
    score_delta INT NOT NULL,
    improved_understood_score INT NOT NULL,
    reason TEXT NOT NULL,
    created_at TIMESTAMP(6) NOT NULL,
    updated_at TIMESTAMP(6) NOT NULL,
    CONSTRAINT fk_turn_feedbacks_session_feedback FOREIGN KEY (session_feedback_id) REFERENCES session_feedbacks (id),
    CONSTRAINT fk_turn_feedbacks_turn FOREIGN KEY (turn_id) REFERENCES practice_turns (id),
    CONSTRAINT uk_turn_feedbacks_feedback_turn UNIQUE (session_feedback_id, turn_id)
);

INSERT INTO scenario_categories (id, category_key, name, description, created_at, updated_at) VALUES
(1, 'airport', '공항', '공항에서 마주치는 기본 상황을 연습합니다.', CURRENT_TIMESTAMP, CURRENT_TIMESTAMP),
(2, 'hotel', '호텔', '호텔 체크인과 요청 상황을 연습합니다.', CURRENT_TIMESTAMP, CURRENT_TIMESTAMP),
(3, 'cafe', '카페', '카페 주문 상황을 연습합니다.', CURRENT_TIMESTAMP, CURRENT_TIMESTAMP),
(4, 'restaurant', '식당', '식당 주문과 계산 상황을 연습합니다.', CURRENT_TIMESTAMP, CURRENT_TIMESTAMP),
(5, 'taxi', '택시', '택시 탑승과 결제 상황을 연습합니다.', CURRENT_TIMESTAMP, CURRENT_TIMESTAMP);

INSERT INTO scenarios (
    id, category_id, scenario_key, title, difficulty, situation_description, success_goal,
    opening_babsae_text, opening_tts_url, max_follow_up_count, thumbnail_url,
    created_at, updated_at
) VALUES
(1, 1, 'airport_immigration', '입국 심사 통과하기', 'NORMAL', '입국 심사대에서 여행 목적과 체류 기간을 설명해야 합니다.', '여행 목적과 체류 기간을 말하고 입국 심사를 통과하세요.', 'What is the purpose of your visit?', NULL, 5, NULL, CURRENT_TIMESTAMP, CURRENT_TIMESTAMP),
(2, 1, 'airport_baggage', '수하물 위치 묻기', 'EASY', '공항에서 내 수하물이 어디에 있는지 직원에게 물어봐야 합니다.', '내 짐이 어디 있는지 물어보세요.', 'How can I help you with your baggage?', NULL, 5, NULL, CURRENT_TIMESTAMP, CURRENT_TIMESTAMP),
(3, 2, 'hotel_check_in', '호텔 체크인하기', 'EASY', '호텔 프런트에서 예약자 이름을 말하고 체크인을 해야 합니다.', '예약자 이름을 말하고 체크인을 완료하세요.', 'Welcome. Do you have a reservation?', NULL, 5, NULL, CURRENT_TIMESTAMP, CURRENT_TIMESTAMP),
(4, 2, 'hotel_towel_request', '수건 요청하기', 'EASY', '호텔 객실에서 프런트에 추가 수건을 요청해야 합니다.', '추가 수건을 요청하세요.', 'How may I help you from the front desk?', NULL, 5, NULL, CURRENT_TIMESTAMP, CURRENT_TIMESTAMP),
(5, 3, 'cafe_iced_americano', '아이스 아메리카노 주문하기', 'EASY', '카페에서 원하는 음료를 주문해야 합니다.', '아이스 아메리카노 주문에 성공하세요.', 'Hi! What would you like to order?', NULL, 5, NULL, CURRENT_TIMESTAMP, CURRENT_TIMESTAMP),
(6, 3, 'cafe_to_go_order', '포장 주문하기', 'EASY', '카페에서 원하는 음료를 포장 주문해야 합니다.', '원하는 음료를 포장으로 주문하세요.', 'What can I get started for you?', NULL, 5, NULL, CURRENT_TIMESTAMP, CURRENT_TIMESTAMP),
(7, 4, 'restaurant_menu_recommendation', '메뉴 추천받기', 'NORMAL', '식당에서 추천 메뉴를 물어보고 주문해야 합니다.', '추천 메뉴를 물어보고 하나를 주문하세요.', 'Are you ready to order?', NULL, 5, NULL, CURRENT_TIMESTAMP, CURRENT_TIMESTAMP),
(8, 4, 'restaurant_check', '계산 요청하기', 'NORMAL', '식사를 마치고 계산서를 요청해야 합니다.', '계산서를 요청하고 결제 방법을 말하세요.', 'Did you enjoy your meal?', NULL, 5, NULL, CURRENT_TIMESTAMP, CURRENT_TIMESTAMP),
(9, 5, 'taxi_destination', '목적지 말하기', 'EASY', '택시를 타고 기사에게 목적지를 말해야 합니다.', '택시 기사에게 목적지를 말하세요.', 'Where would you like to go?', NULL, 5, NULL, CURRENT_TIMESTAMP, CURRENT_TIMESTAMP),
(10, 5, 'taxi_card_payment', '카드 결제 묻기', 'HARD', '택시에서 카드 결제가 가능한지 확인해야 합니다.', '카드 결제가 가능한지 물어보세요.', 'Where are you headed?', NULL, 5, NULL, CURRENT_TIMESTAMP, CURRENT_TIMESTAMP);

INSERT INTO scenario_slots (scenario_id, slot_key, description, created_at, updated_at) VALUES
(1, 'purpose', '여행 목적', CURRENT_TIMESTAMP, CURRENT_TIMESTAMP),
(1, 'duration', '체류 기간', CURRENT_TIMESTAMP, CURRENT_TIMESTAMP),
(2, 'baggage', '수하물 설명', CURRENT_TIMESTAMP, CURRENT_TIMESTAMP),
(2, 'location', '수하물 위치', CURRENT_TIMESTAMP, CURRENT_TIMESTAMP),
(3, 'reservation_name', '예약자 이름', CURRENT_TIMESTAMP, CURRENT_TIMESTAMP),
(3, 'check_in', '체크인 의사', CURRENT_TIMESTAMP, CURRENT_TIMESTAMP),
(4, 'item', '요청할 물품', CURRENT_TIMESTAMP, CURRENT_TIMESTAMP),
(4, 'quantity', '요청 수량', CURRENT_TIMESTAMP, CURRENT_TIMESTAMP),
(5, 'drink', '주문할 음료', CURRENT_TIMESTAMP, CURRENT_TIMESTAMP),
(5, 'temperature', '음료 온도', CURRENT_TIMESTAMP, CURRENT_TIMESTAMP),
(5, 'size', '음료 사이즈', CURRENT_TIMESTAMP, CURRENT_TIMESTAMP),
(5, 'for_here_or_to_go', '매장 이용 또는 포장 여부', CURRENT_TIMESTAMP, CURRENT_TIMESTAMP),
(6, 'drink', '주문할 음료', CURRENT_TIMESTAMP, CURRENT_TIMESTAMP),
(6, 'for_here_or_to_go', '매장 이용 또는 포장 여부', CURRENT_TIMESTAMP, CURRENT_TIMESTAMP),
(7, 'recommendation', '추천 요청', CURRENT_TIMESTAMP, CURRENT_TIMESTAMP),
(7, 'menu_item', '주문할 메뉴', CURRENT_TIMESTAMP, CURRENT_TIMESTAMP),
(8, 'check_request', '계산서 요청', CURRENT_TIMESTAMP, CURRENT_TIMESTAMP),
(8, 'payment_method', '결제 방법', CURRENT_TIMESTAMP, CURRENT_TIMESTAMP),
(9, 'destination', '목적지', CURRENT_TIMESTAMP, CURRENT_TIMESTAMP),
(10, 'card_payment', '카드 결제 가능 여부', CURRENT_TIMESTAMP, CURRENT_TIMESTAMP);
